{
    "name": "root",
    "gauges": {
        "RollerBall.Policy.Entropy.mean": {
            "value": 1.3417459726333618,
            "min": 1.3417459726333618,
            "max": 1.381258487701416,
            "count": 5
        },
        "RollerBall.Policy.Entropy.sum": {
            "value": 13452.3447265625,
            "min": 6712.916015625,
            "max": 13653.49609375,
            "count": 5
        },
        "RollerBall.Environment.EpisodeLength.mean": {
            "value": 6.408146300914381,
            "min": 6.408146300914381,
            "max": 7.684752104770814,
            "count": 5
        },
        "RollerBall.Environment.EpisodeLength.sum": {
            "value": 7709.0,
            "min": 4191.0,
            "max": 8215.0,
            "count": 5
        },
        "RollerBall.Step.mean": {
            "value": 79993.0,
            "min": 39991.0,
            "max": 79993.0,
            "count": 5
        },
        "RollerBall.Step.sum": {
            "value": 79993.0,
            "min": 39991.0,
            "max": 79993.0,
            "count": 5
        },
        "RollerBall.Policy.ExtrinsicValueEstimate.mean": {
            "value": 0.9537781476974487,
            "min": 0.9060339331626892,
            "max": 0.9537781476974487,
            "count": 5
        },
        "RollerBall.Policy.ExtrinsicValueEstimate.sum": {
            "value": 1163.609375,
            "min": 592.1041870117188,
            "max": 1163.609375,
            "count": 5
        },
        "RollerBall.Environment.CumulativeReward.mean": {
            "value": 0.9941812136325852,
            "min": 0.9476145930776426,
            "max": 0.995575221238938,
            "count": 5
        },
        "RollerBall.Environment.CumulativeReward.sum": {
            "value": 1196.0,
            "min": 614.0,
            "max": 1196.0,
            "count": 5
        },
        "RollerBall.Policy.ExtrinsicReward.mean": {
            "value": 0.9941812136325852,
            "min": 0.9476145930776426,
            "max": 0.995575221238938,
            "count": 5
        },
        "RollerBall.Policy.ExtrinsicReward.sum": {
            "value": 1196.0,
            "min": 614.0,
            "max": 1196.0,
            "count": 5
        },
        "RollerBall.Losses.PolicyLoss.mean": {
            "value": 0.24181038987665768,
            "min": 0.2381427939175002,
            "max": 0.2485297710795515,
            "count": 5
        },
        "RollerBall.Losses.PolicyLoss.sum": {
            "value": 22.00474547877585,
            "min": 10.896371934280673,
            "max": 22.367679397159634,
            "count": 5
        },
        "RollerBall.Losses.ValueLoss.mean": {
            "value": 0.0031315426604923073,
            "min": 0.0029847198386786507,
            "max": 0.019497390311258935,
            "count": 5
        },
        "RollerBall.Losses.ValueLoss.sum": {
            "value": 0.28497038210479997,
            "min": 0.2716095053197572,
            "max": 1.754765128013304,
            "count": 5
        },
        "RollerBall.Policy.LearningRate.mean": {
            "value": 0.00025500846115103075,
            "min": 0.00025500846115103075,
            "max": 0.00027742760752413333,
            "count": 5
        },
        "RollerBall.Policy.LearningRate.sum": {
            "value": 0.023205769964743796,
            "min": 0.012484242338585999,
            "max": 0.0245755646081454,
            "count": 5
        },
        "RollerBall.Policy.Epsilon.mean": {
            "value": 0.1850028153846154,
            "min": 0.1850028153846154,
            "max": 0.19247586666666672,
            "count": 5
        },
        "RollerBall.Policy.Epsilon.sum": {
            "value": 16.835256200000003,
            "min": 8.661414000000002,
            "max": 17.191854600000003,
            "count": 5
        },
        "RollerBall.Policy.Beta.mean": {
            "value": 0.0004265137953846154,
            "min": 0.0004265137953846154,
            "max": 0.00046313174666666663,
            "count": 5
        },
        "RollerBall.Policy.Beta.sum": {
            "value": 0.03881275538,
            "min": 0.0208409286,
            "max": 0.04104008754,
            "count": 5
        },
        "RollerBall.IsTraining.mean": {
            "value": 1.0,
            "min": 1.0,
            "max": 1.0,
            "count": 5
        },
        "RollerBall.IsTraining.sum": {
            "value": 1.0,
            "min": 1.0,
            "max": 1.0,
            "count": 5
        }
    },
    "metadata": {
        "timer_format_version": "0.1.0",
        "start_time_seconds": "1666522801",
        "python_version": "3.6.13 |Anaconda, Inc.| (default, Mar 16 2021, 11:37:27) [MSC v.1916 64 bit (AMD64)]",
        "command_line_arguments": "C:\\Users\\95063\\anaconda3\\envs\\MLAgent\\Scripts\\mlagents-learn rollerball_config.yaml --run-id=RollerBall --resume",
        "mlagents_version": "0.28.0",
        "mlagents_envs_version": "0.28.0",
        "communication_protocol_version": "1.5.0",
        "pytorch_version": "1.7.1+cu110",
        "numpy_version": "1.19.5",
        "end_time_seconds": "1666523110"
    },
    "total": 309.7500142,
    "count": 1,
    "self": 0.005845599999986462,
    "children": {
        "run_training.setup": {
            "total": 0.07835189999999999,
            "count": 1,
            "self": 0.07835189999999999
        },
        "TrainerController.start_learning": {
            "total": 309.66581670000005,
            "count": 1,
            "self": 0.17417580000028465,
            "children": {
                "TrainerController._reset_env": {
                    "total": 39.717944599999996,
                    "count": 1,
                    "self": 39.717944599999996
                },
                "TrainerController.advance": {
                    "total": 269.67617389999975,
                    "count": 10568,
                    "self": 0.15589740000064012,
                    "children": {
                        "env_step": {
                            "total": 140.47872139999998,
                            "count": 10568,
                            "self": 125.1466091999999,
                            "children": {
                                "SubprocessEnvManager._take_step": {
                                    "total": 15.227662099999925,
                                    "count": 10568,
                                    "self": 0.27180169999981985,
                                    "children": {
                                        "TorchPolicy.evaluate": {
                                            "total": 14.955860400000105,
                                            "count": 5597,
                                            "self": 6.087771900001243,
                                            "children": {
                                                "TorchPolicy.sample_actions": {
                                                    "total": 8.868088499998862,
                                                    "count": 5597,
                                                    "self": 8.868088499998862
                                                }
                                            }
                                        }
                                    }
                                },
                                "workers": {
                                    "total": 0.10445010000015742,
                                    "count": 10567,
                                    "self": 0.0,
                                    "children": {
                                        "worker_root": {
                                            "total": 209.4335783000007,
                                            "count": 10567,
                                            "is_parallel": true,
                                            "self": 153.5879816000006,