{"count":1,"self":27.307564799999998,"total":244.05743439999998,"children":{"InitializeActuators":{"count":25,"self":0.0020024,"total":0.0020024,"children":null},"InitializeSensors":{"count":25,"self":0.0010012999999999999,"total":0.0010012999999999999,"children":null},"AgentSendState":{"count":27701,"self":0.14706239999999998,"total":10.909813399999999,"children":{"CollectObservations":{"count":69275,"self":0.025016299999999998,"total":0.025016299999999998,"children":null},"WriteActionMask":{"count":69275,"self":0.0190168,"total":0.0190168,"children":null},"RequestDecision":{"count":69275,"self":0.1276989,"total":10.7187179,"children":{"AgentInfo.ToProto":{"count":69275,"self":0.093030599999999991,"total":10.591019,"children":{"GenerateSensorData":{"count":69275,"self":10.4979888,"total":10.497988399999999,"children":null}}}}}}},"DecideAction":{"count":27701,"self":51.666239999999995,"total":51.6662392,"children":null},"AgentAct":{"count":27701,"self":154.1507968,"total":154.16981199999998,"children":{"AgentInfo.ToProto":{"count":100,"self":0,"total":0.0190144,"children":{"GenerateSensorData":{"count":100,"self":0.0190144,"total":0.0190144,"children":null}}}}}},"gauges":{"Economic.CumulativeReward":{"count":100,"max":1,"min":-1,"runningAverage":0.52,"value":1,"weightedAverage":0.8571662}},"metadata":{"timer_format_version":"0.1.0","start_time_seconds":"1669893827","unity_version":"2021.3.10f1","command_line_arguments":"C:\\Program Files\\Unity\\2021.3.10f1\\Editor\\Unity.exe -projectpath C:\\Users\\95063\\OneDrive\\Документы\\GitHub\\DA-in-GameDev-by-Urfu2022\\DAinGD Lab#5\\MLA_Lab4 -useHub -hubIPC -cloudEnvironment production -licensingIpc LicenseClient-95063 -hubSessionId baf51130-7162-11ed-ae62-5d154b1231b4 -accessToken urqsZ3vxsjiU20fQdPaK2yWmsOisdXo0aiwZBKmUppw009f","communication_protocol_version":"1.5.0","com.unity.ml-agents_version":"2.2.1-exp.1","scene_name":"Economic-ML-Agent","end_time_seconds":"1669894071"}}